Workbook

Sheet by search term
A1: Region ID | B1: Region | C1: Hamburger: | D1: Milkshake: | E1: Breakup: | G1: # of Regions | H1: =COUNTA(B2:B52) -> 51 | J1: date range | K1: 2/1/24 - 2/28/25
A2: 42 | B2: South Dakota | C2: 0.75 | D2: 0.14 | E2: 0.11
A3: 27 | B3: Montana | C3: 0.75 | D3: 0.14 | E3: 0.11
A4: 12 | B4: Hawaii | C4: 0.72 | D4: 0.15 | E4: 0.13
A5: 2 | B5: Alaska | C5: 0.72 | D5: 0.15 | E5: 0.13
A6: 51 | B6: Wyoming | C6: 0.71 | D6: 0.16 | E6: 0.13
A7: 46 | B7: Vermont | C7: 0.7 | D7: 0.16 | E7: 0.14
A8: 35 | B8: North Dakota | C8: 0.7 | D8: 0.18 | E8: 0.12
A9: 20 | B9: Maine | C9: 0.7 | D9: 0.17 | E9: 0.13
A10: 38 | B10: Oregon | C10: 0.69 | D10: 0.17 | E10: 0.14
A11: 37 | B11: Oklahoma | C11: 0.69 | D11: 0.19 | E11: 0.12
A12: 28 | B12: Nebraska | C12: 0.69 | D12: 0.18 | E12: 0.13
A13: 48 | B13: Washington | C13: 0.68 | D13: 0.18 | E13: 0.14
... A52: 21 | B52: Maryland | C52: 0.6 | D52: 0.24 | E52: 0.16

Sheet by state
A1: Region | B1: Alabama | C1: Alaska | D1: Arizona | E1: Arkansas | F1: California | G1: Colorado | H1: Connecticut | I1: Delaware | J1: District of Columbia | K1: Florida | L1: Georgia | M1: Hawaii | N1: Idaho | O1: Illinois | P1: Indiana | Q1: Iowa | R1: Kansas | S1: Kentucky | T1: Louisiana | U1: Maine | V1: Maryland | W1: Massachusetts | X1: Michigan | Y1: Minnesota | Z1: Mississippi | AA1: Missouri | AB1: Montana | AC1: Nebraska | AD1: Nevada | AE1: New Hampshire | AF1: New Jersey | AG1: New Mexico | AH1: New York | AI1: North Carolina | AJ1: North Dakota | AK1: Ohio | AL1: Oklahoma | AM1: Oregon | AN1: Pennsylvania | AO1: Rhode Island | AP1: South Carolina | AQ1: South Dakota | AR1: Tennessee | AS1: Texas | AT1: Utah | AU1: Vermont | AV1: Virginia | AW1: Washington | AX1: West Virginia | AY1: Wisconsin | AZ1: Wyoming
A2: Hamburger: | B2: 0.65 | C2: 0.72 | D2: 0.67 | E2: 0.66 | F2: 0.65 | G2: 0.68 | H2: 0.64 | I2: 0.61 | J2: 0.66 | K2: 0.63 | L2: 0.63 | M2: 0.72 | N2: 0.67 | O2: 0.63 | P2: 0.66 | Q2: 0.67 | R2: 0.67 | S2: 0.63 | T2: 0.66 | U2: 0.7 | V2: 0.6 | W2: 0.62 | X2: 0.67 | Y2: 0.68 | Z2: 0.68 | AA2: 0.66 | AB2: 0.75 | AC2: 0.69 | AD2: 0.67 | AE2: 0.65 | AF2: 0.62 | AG2: 0.68 | AH2: 0.63 | AI2: 0.64 | AJ2: 0.7 | AK2: 0.63 | AL2: 0.69 | AM2: 0.69 | AN2: 0.62 | AO2: 0.63 | AP2: 0.65 | AQ2: 0.75 | AR2: 0.65 | AS2: 0.67 | AT2: 0.66 | AU2: 0.7 | AV2: 0.63 | AW2: 0.68 | AX2: 0.63 | AY2: 0.66 | AZ2: 0.71
A3: Milkshake: | B3: 0.23 | C3: 0.15 | D3: 0.2 | E3: 0.22 | F3: 0.2 | G3: 0.18 | H3: 0.22 | I3: 0.25 | J3: 0.17 | K3: 0.23 | L3: 0.23 | M3: 0.15 | N3: 0.2 | O3: 0.23 | P3: 0.21 | Q3: 0.2 | R3: 0.19 | S3: 0.23 | T3: 0.21 | U3: 0.17 | V3: 0.24 | W3: 0.21 | X3: 0.2 | Y3: 0.19 | Z3: 0.2 | AA3: 0.2 | AB3: 0.14 | AC3: 0.18 | AD3: 0.2 | AE3: 0.21 | AF3: 0.22 | AG3: 0.18 | AH3: 0.21 | AI3: 0.24 | AJ3: 0.18 | AK3: 0.23 | AL3: 0.19 | AM3: 0.17 | AN3: 0.23 | AO3: 0.24 | AP3: 0.23 | AQ3: 0.14 | AR3: 0.22 | AS3: 0.2 | AT3: 0.21 | AU3: 0.16 | AV3: 0.24 | AW3: 0.18 | AX3: 0.24 | AY3: 0.2 | AZ3: 0.16
A4: Breakup: | B4: 0.12 | C4: 0.13 | D4: 0.13 | E4: 0.12 | F4: 0.15 | G4: 0.14 | H4: 0.14 | I4: 0.14 | J4: 0.17 | K4: 0.14 | L4: 0.14 | M4: 0.13 | N4: 0.13 | O4: 0.14 | P4: 0.13 | Q4: 0.13 | R4: 0.14 | S4: 0.14 | T4: 0.13 | U4: 0.13 | V4: 0.16 | W4: 0.17 | X4: 0.13 | Y4: 0.13 | Z4: 0.12 | AA4: 0.14 | AB4: 0.11 | AC4: 0.13 | AD4: 0.13 | AE4: 0.14 | AF4: 0.16 | AG4: 0.14 | AH4: 0.16 | AI4: 0.12 | AJ4: 0.12 | AK4: 0.14 | AL4: 0.12 | AM4: 0.14 | AN4: 0.15 | AO4: 0.13 | AP4: 0.12 | AQ4: 0.11 | AR4: 0.13 | AS4: 0.13 | AT4: 0.13 | AU4: 0.14 | AV4: 0.13 | AW4: 0.14 | AX4: 0.13 | AY4: 0.14 | AZ4: 0.13

Sheet sales region lookup
A1: State | B1: Sales Region | C1: Hamburger | D1: Milkshake | E1: Breakup | G1: Data Analytics Friend was showing me how to use INDEX
A2: Washington | B2: Northwest | C2: =VLOOKUP('sales region lookup'!A2, 'by search term'!B:C, 2, FALSE) -> 0.68 | D2: =_xlfn.XLOOKUP(A2, 'by search term'!$B$1:$B$52, 'by search term'!$D$1:$D$52, "not found") -> 0.18 | E2: =INDEX('by search term'!E:E, MATCH('sales region lookup'!A2, 'by search term'!B:B, 0)) -> 0.14
A3: Oregon | B3: Northwest | C3: =VLOOKUP('sales region lookup'!A3, 'by search term'!B:C, 2, FALSE) -> 0.69 | D3: =_xlfn.XLOOKUP(A3, 'by search term'!$B$1:$B$52, 'by search term'!$D$1:$D$52, "not found") -> 0.17 | E3: =INDEX('by search term'!E:E, MATCH('sales region lookup'!A3, 'by search term'!B:B, 0)) -> 0.14
A4: Idaho | B4: Northwest | C4: =VLOOKUP('sales region lookup'!A4, 'by search term'!B:C, 2, FALSE) -> 0.67 | D4: =_xlfn.XLOOKUP(A4, 'by search term'!$B$1:$B$52, 'by search term'!$D$1:$D$52, "not found") -> 0.2 | E4: =INDEX('by search term'!E:E, MATCH('sales region lookup'!A4, 'by search term'!B:B, 0)) -> 0.13
A5: Montana | B5: Northwest | C5: =VLOOKUP('sales region lookup'!A5, 'by search term'!B:C, 2, FALSE) -> 0.75 | D5: =_xlfn.XLOOKUP(A5, 'by search term'!$B$1:$B$52, 'by search term'!$D$1:$D$52, "not found") -> 0.14 | E5: =INDEX('by search term'!E:E, MATCH('sales region lookup'!A5, 'by search term'!B:B, 0)) -> 0.11
A6: North Dakota | B6: North Central | C6: =VLOOKUP('sales region lookup'!A6, 'by search term'!B:C, 2, FALSE) -> 0.7 | D6: =_xlfn.XLOOKUP(A6, 'by search term'!$B$1:$B$52, 'by search term'!$D$1:$D$52, "not found") -> 0.18 | E6: =INDEX('by search term'!E:E, MATCH('sales region lookup'!A6, 'by search term'!B:B, 0)) -> 0.12
A7: South Dakota | B7: North Central | C7: =VLOOKUP('sales region lookup'!A7, 'by search term'!B:C, 2, FALSE) -> 0.75 | D7: =_xlfn.XLOOKUP(A7, 'by search term'!$B$1:$B$52, 'by search term'!$D$1:$D$52, "not found") -> 0.14 | E7: =INDEX('by search term'!E:E, MATCH('sales region lookup'!A7, 'by search term'!B:B, 0)) -> 0.11
A8: Nebraska | B8: North Central | C8: =VLOOKUP('sales region lookup'!A8, 'by search term'!B:C, 2, FALSE) -> 0.69 | D8: =_xlfn.XLOOKUP(A8, 'by search term'!$B$1:$B$52, 'by search term'!$D$1:$D$52, "not found") -> 0.18 | E8: =INDEX('by search term'!E:E, MATCH('sales region lookup'!A8, 'by search term'!B:B, 0)) -> 0.13
A9: Minnesota | B9: North Central | C9: =VLOOKUP('sales region lookup'!A9, 'by search term'!B:C, 2, FALSE) -> 0.68 | D9: =_xlfn.XLOOKUP(A9, 'by search term'!$B$1:$B$52, 'by search term'!$D$1:$D$52, "not found") -> 0.19 | E9: =INDEX('by search term'!E:E, MATCH('sales region lookup'!A9, 'by search term'!B:B, 0)) -> 0.13
A10: Wisconsin | B10: North Central | C10: =VLOOKUP('sales region lookup'!A10, 'by search term'!B:C, 2, FALSE) -> 0.66 | D10: =_xlfn.XLOOKUP(A10, 'by search term'!$B$1:$B$52, 'by search term'!$D$1:$D$52, "not found") -> 0.2 | E10: =INDEX('by search term'!E:E, MATCH('sales region lookup'!A10, 'by search term'!B:B, 0)) -> 0.14
A11: Michigan | B11: North Central | C11: =VLOOKUP('sales region lookup'!A11, 'by search term'!B:C, 2, FALSE) -> 0.67 | D11: =_xlfn.XLOOKUP(A11, 'by search term'!$B$1:$B$52, 'by search term'!$D$1:$D$52, "not found") -> 0.2 | E11: =INDEX('by search term'!E:E, MATCH('sales region lookup'!A11, 'by search term'!B:B, 0)) -> 0.13
A13: Sales Region | B13: (All)
A15: State | B15: Sum of Hamburger | C15: Sum of Milkshake
A16: Idaho | B16: 0.67 | C16: 0.2
A17: Michigan | B17: 0.67 | C17: 0.2
A18: Minnesota | B18: 0.68 | C18: 0.19
A19: Montana | B19: 0.75 | C19: 0.14
A20: Nebraska | B20: 0.69 | C20: 0.18
A21: North Dakota | B21: 0.7 | C21: 0.18
A22: Oregon | B22: 0.69 | C22: 0.17
A23: South Dakota | B23: 0.75 | C23: 0.14
A24: Washington | B24: 0.68 | C24: 0.18
A25: Wisconsin | B25: 0.66 | C25: 0.2
A26: Grand Total | B26: 6.94 | C26: 1.78
